2026-04-12T12:53:53.763330,/dashboard,216,200
2026-04-12T12:53:54.765224,/logout,252,200
2026-04-12T12:53:55.765627,/api/data,175,200
2026-04-12T12:53:56.765939,/login,209,200
2026-04-12T12:53:57.766294,/dashboard,254,200
2026-04-12T12:53:58.767231,/api/data,189,200
2026-04-12T12:53:59.767557,/login,212,200
2026-04-12T12:54:00.767932,/login,126,200
2026-04-12T12:54:01.768629,/dashboard,164,200
2026-04-12T12:54:02.769440,/logout,252,200
2026-04-12T12:54:03.769865,/logout,188,200
2026-04-12T12:54:04.770271,/login,1969,503
2026-04-12T12:54:05.781224,/api/data,190,200
2026-04-12T12:54:06.781634,/login,128,200
2026-04-12T12:54:07.782466,/logout,234,200
2026-04-12T12:54:08.783325,/logout,142,200
2026-04-12T12:54:09.784114,/dashboard,1384,502
2026-04-12T12:54:10.784633,/login,118,200
2026-04-12T12:54:11.785002,/logout,169,200
2026-04-12T12:54:12.785464,/login,1035,502
2026-04-12T12:54:13.786350,/api/data,217,200
2026-04-12T12:54:14.786751,/logout,135,200
2026-04-12T12:54:15.787150,/login,211,200
2026-04-12T12:54:16.787660,/api/data,169,200
2026-04-12T12:54:17.788205,/logout,156,200
2026-04-12T12:54:18.788673,/api/data,253,200
2026-04-12T12:54:19.789090,/dashboard,187,200
2026-04-12T12:54:20.789440,/api/data,217,200
2026-04-12T12:54:21.789795,/logout,107,200
2026-04-12T12:54:22.790143,/api/data,146,200
2026-04-12T12:54:23.790453,/login,217,200
2026-04-12T12:54:24.790848,/dashboard,210,200
2026-04-12T12:54:25.791211,/api/data,259,200
2026-04-12T12:54:26.791693,/api/data,878,502
2026-04-12T12:54:27.792057,/dashboard,162,200
2026-04-12T12:54:28.792509,/login,280,200
2026-04-12T12:54:29.792864,/api/data,200,200
2026-04-12T12:54:30.793189,/login,1380,500
2026-04-12T12:54:31.793477,/dashboard,117,200
2026-04-12T12:54:32.793749,/dashboard,1751,502
2026-04-12T12:54:33.794146,/api/data,195,200
2026-04-12T12:54:34.794750,/logout,161,200
2026-04-12T12:54:35.795089,/dashboard,145,200
2026-04-12T12:54:36.795354,/dashboard,193,200
2026-04-12T12:54:37.795740,/dashboard,236,200
2026-04-12T12:54:38.796149,/login,154,200
2026-04-12T12:54:39.796577,/api/data,283,200
2026-04-12T12:54:40.796905,/login,201,200
2026-04-12T12:54:41.797254,/api/data,111,200
2026-04-12T12:54:42.797662,/dashboard,165,200
2026-04-12T12:54:43.798009,/login,101,200
2026-04-12T12:54:44.798335,/dashboard,1412,502
2026-04-12T12:54:45.798696,/login,184,200
2026-04-12T12:54:46.799046,/dashboard,279,200
2026-04-12T12:54:47.799371,/logout,108,200
2026-04-12T12:54:48.799669,/logout,137,200
2026-04-12T12:54:49.799983,/login,132,200
2026-04-12T12:54:50.800295,/logout,168,200
2026-04-12T12:54:51.800613,/login,154,200
2026-04-12T12:54:52.801236,/dashboard,181,200
2026-04-12T12:54:53.801739,/api/data,101,200
2026-04-12T13:15:17.822676,/login,112,200
2026-04-12T13:15:18.822977,/dashboard,139,200
2026-04-12T13:15:19.823238,/dashboard,176,200
2026-04-12T13:15:20.823638,/login,252,200
2026-04-12T13:15:21.823876,/logout,256,200
2026-04-12T13:15:22.824339,/logout,281,200
2026-04-12T13:15:23.824642,/logout,220,200
2026-04-12T13:15:27.098958,/dashboard,174,200
2026-04-12T13:15:28.099270,/logout,280,200
2026-04-12T13:15:29.099643,/login,259,200
2026-04-12T13:15:30.099921,/dashboard,157,200
2026-04-12T13:15:31.100182,/logout,270,200
2026-04-12T13:15:32.100418,/dashboard,210,200
2026-04-12T13:15:33.100601,/dashboard,132,200
2026-04-12T13:15:34.101334,/dashboard,221,200
2026-04-12T13:15:35.101757,/dashboard,106,200
2026-04-12T13:15:36.102452,/logout,119,200
2026-04-12T13:15:37.102987,/dashboard,169,200
2026-04-12T13:15:38.103791,/logout,156,200
2026-04-12T13:15:39.104655,/api/data,195,200
2026-04-12T13:15:40.104961,/login,224,200
2026-04-12T13:15:41.105257,/dashboard,204,200
2026-04-12T13:15:42.105824,/login,179,200
2026-04-12T13:15:43.106771,/dashboard,262,200
2026-04-12T13:15:44.107184,/dashboard,287,200
2026-04-12T13:15:45.107537,/dashboard,286,200
2026-04-12T13:15:46.107956,/logout,180,200
2026-04-12T13:15:47.108346,/login,150,200
2026-04-12T13:15:48.108552,/logout,210,200
2026-04-12T13:15:49.108786,/logout,183,200
2026-04-12T13:15:50.109052,/dashboard,113,200
2026-04-12T13:15:51.109281,/login,143,200
2026-04-12T13:19:59.372138,/logout,241,200
2026-04-12T13:20:00.372856,/api/data,171,200
2026-04-12T13:20:03.563675,/logout,1134,500
2026-04-12T13:20:04.563927,/logout,212,200
2026-04-12T13:20:05.564111,/login,184,200
2026-04-12T13:20:06.564745,/dashboard,227,200
2026-04-12T13:20:07.565123,/dashboard,215,200
2026-04-12T13:20:08.565333,/dashboard,155,200
2026-04-12T13:20:09.565538,/api/data,292,200
2026-04-12T13:20:10.565679,/api/data,138,200
2026-04-12T13:20:11.565885,/login,138,200
2026-04-12T13:20:12.566133,/api/data,253,200
2026-04-12T13:20:13.566963,/api/data,1406,503
2026-04-12T13:20:14.567798,/logout,191,200
2026-04-12T13:20:15.568345,/logout,159,200
2026-04-12T13:20:16.568743,/login,152,200
2026-04-12T13:20:17.569111,/login,249,200
2026-04-12T13:20:18.569419,/api/data,101,200
2026-04-12T13:20:19.569657,/dashboard,138,200
2026-04-12T13:20:20.569995,/login,176,200
2026-04-12T13:20:21.570287,/logout,207,200
2026-04-12T13:20:22.570576,/logout,245,200
2026-04-12T13:20:23.570903,/login,240,200
2026-04-12T13:20:24.571347,/logout,208,200
2026-04-12T13:20:25.571691,/logout,136,200
2026-04-12T13:20:26.571948,/api/data,170,200
2026-04-12T13:20:27.572368,/dashboard,222,200
2026-04-12T13:20:28.572650,/dashboard,234,200
2026-04-12T13:20:29.572934,/logout,201,200
2026-04-12T13:20:30.573530,/login,1721,500
2026-04-12T13:20:31.573875,/dashboard,209,200
2026-04-12T13:20:32.574204,/login,100,200
2026-04-12T13:20:33.574481,/dashboard,228,200
2026-04-12T13:20:34.575055,/dashboard,163,200
2026-04-12T13:20:35.575871,/login,103,200
2026-04-12T13:20:38.781381,/api/data,227,200
2026-04-12T13:20:39.781867,/logout,1216,500
2026-04-12T13:20:40.782206,/dashboard,179,200
2026-04-12T13:20:41.782888,/api/data,275,200
2026-04-12T13:20:42.783778,/dashboard,1266,503
2026-04-12T13:20:43.784125,/api/data,292,200
2026-04-12T13:20:44.784539,/dashboard,147,200
2026-04-12T13:20:45.784940,/dashboard,1647,500
2026-04-12T13:20:46.785276,/logout,1093,502
2026-04-12T13:20:47.785760,/login,281,200
2026-04-12T13:20:48.786006,/logout,219,200
2026-04-12T13:20:49.786190,/api/data,275,200
2026-04-12T13:20:50.786394,/api/data,175,200
2026-04-12T13:20:51.786688,/dashboard,833,503
2026-04-12T13:20:52.787311,/login,154,200
2026-04-12T13:20:53.787648,/login,292,200
2026-04-12T13:20:54.787948,/login,214,200
2026-04-12T13:20:55.788287,/logout,180,200
2026-04-12T13:20:56.788984,/login,244,200
2026-04-12T13:20:57.789335,/api/data,1738,502
2026-04-12T13:20:58.789892,/logout,235,200
2026-04-12T13:20:59.790270,/dashboard,1881,503
2026-04-12T13:21:00.790663,/logout,178,200
2026-04-12T13:21:01.791042,/logout,136,200
2026-04-12T13:21:02.791365,/login,222,200
2026-04-12T13:21:03.791761,/logout,109,200
2026-04-12T13:21:04.792077,/api/data,108,200
2026-04-12T13:21:05.792416,/logout,152,200
2026-04-12T13:21:06.792717,/login,191,200
2026-04-12T13:21:07.792984,/login,158,200
2026-04-12T13:21:08.793303,/dashboard,244,200
2026-04-12T13:21:09.793559,/login,133,200
2026-04-12T13:21:12.938112,/api/data,242,200
2026-04-12T13:30:07.730785,/logout,155,200
2026-04-12T13:30:08.731808,/logout,123,200
2026-04-12T13:30:09.732181,/dashboard,148,200
2026-04-12T13:30:10.732536,/logout,1959,502
2026-04-12T13:30:11.732887,/login,1321,503
2026-04-12T13:30:12.733266,/api/data,184,200
2026-04-12T13:30:13.733543,/dashboard,201,200
2026-04-12T13:30:14.733816,/logout,211,200
2026-04-12T13:30:15.734052,/api/data,153,200
2026-04-12T13:30:16.734482,/logout,138,200
2026-04-12T13:30:17.735012,/logout,224,200
2026-04-12T13:30:18.735524,/dashboard,269,200
2026-04-12T13:30:19.736262,/api/data,173,200
2026-04-12T13:30:20.736731,/login,223,200
2026-04-12T13:30:21.737128,/login,195,200
2026-04-12T13:30:22.737948,/login,145,200
2026-04-12T13:30:23.738550,/login,192,200
2026-04-12T13:30:24.740382,/api/data,245,200
2026-04-12T13:30:25.742085,/dashboard,206,200
2026-04-12T13:30:26.744805,/api/data,178,200
2026-04-12T13:30:27.746515,/logout,236,200
2026-04-12T13:30:31.403933,/api/data,242,200
2026-04-12T13:30:32.404370,/api/data,279,200
2026-04-12T13:30:33.404829,/dashboard,287,200
2026-04-12T13:30:34.405154,/logout,270,200
2026-04-12T13:30:35.405474,/api/data,197,200
2026-04-12T13:30:36.405735,/dashboard,299,200
2026-04-12T13:30:37.406154,/login,240,200
2026-04-12T13:30:38.406862,/logout,150,200
2026-04-12T13:30:39.407301,/api/data,114,200
2026-04-12T13:30:40.407642,/logout,233,200
2026-04-12T13:30:41.408238,/login,176,200
2026-04-12T13:30:42.408750,/logout,190,200
2026-04-12T13:30:43.409391,/logout,274,200
2026-04-12T13:30:44.410255,/logout,288,200
2026-04-12T13:30:45.410856,/logout,177,200
2026-04-12T13:30:46.411550,/dashboard,226,200
2026-04-12T13:30:47.412412,/logout,1950,503
2026-04-12T13:30:48.412891,/dashboard,245,200
2026-04-12T13:30:49.413306,/logout,218,200
2026-04-12T13:30:50.414233,/api/data,1420,503
2026-04-12T13:30:51.414601,/dashboard,107,200
2026-04-12T13:30:52.415008,/api/data,199,200
2026-04-12T13:30:53.415453,/logout,256,200
2026-04-12T13:30:54.416099,/logout,200,200
2026-04-12T13:30:55.416524,/api/data,286,200
2026-04-12T13:30:56.416851,/login,121,200
2026-04-12T13:30:57.417201,/dashboard,118,200
